{"cameraMode":{"drawMode":0,"name":"Shaded","section":"Shading Mode"},"sceneLighting":true,"audioPlay":false,"sceneViewState":{"showFog":false,"showMaterialUpdate":false,"showSkybox":false,"showFlares":false,"showImageEffects":false,"showParticleSystems":false},"in2DMode":false,"pivot":{"x":6.6629719734191898,"y":3.5853965282440187,"z":25.94260597229004},"rotation":{"x":0.08805515617132187,"y":-0.11924459040164948,"z":0.010618101805448532,"w":0.9888962507247925},"size":16.689485549926759,"orthographic":false}